unique_id,station,sampledate,samplenumber,season,salzone,total_nano_micro_biomass_chla_ratio,surface_chla,doc,pheophytin,total_nano_micro_biomass,diatom_biomass,dinoflagellate_biomass,cyanophyte_biomass,cryptophyte_biomass,pct_cryptophyte,prorocentrum_minimum_abundance,microcystis_aeruginosa_abundance,picoplankton_abundance,total_nano_micro_biomass_chla_ratio_score,surface_chla_score,cyanophyte_biomass_score,doc_score,pheophytin_score,total_nano_micro_biomass_score,diatom_biomass_score,dinoflagellate_biomass_score,prorocentrum_minimum_abundance_score,pct_cryptophyte_score,microcystis_aeruginosa_abundance_score,picoplankton_abundance_score,ibi_score,rating
ret5.2_ap_fs1_2013-03-20,ret5.2,2013-03-20,fs1,spring,f,267.514913185185,4.59,4.18,4.68,1227.89345152,394.74693075,0,0.04050944,30.08696309,2.45029102914065,0,0,5545650,5,5, ,1,1,1, , , , , , ,2.16666666666667,fair_poor
ret5.2_ap_fs1_2013-04-02,ret5.2,2013-04-02,fs1,spring,f,178.535053552632,3.42,3.81,2.82,610.58988315,484.16889526,34.16899258,0,1.46019758,0.239145393707953,0,0,8402500,5,3, ,1,1,3, , , , , , ,2.16666666666667,fair_poor
ret5.2_ap_fs1_2013-05-09,ret5.2,2013-05-09,fs1,spring,f,70.2142865689655,9.86,3.4,4.27,692.31286557,502.72676416,6.73619968,0,50.7150465,7.32545197730002,0,0,7252175,5,5, ,1,1,3, , , , , , ,2.5,fair_poor
ret5.2_ap_fs1_2014-03-19,ret5.2,2014-03-19,fs1,spring,f,144.660785150571,9.63,2.68,6.68,1393.083361,952.38055519,438.57817176,0,0,0,0,0,7058100,5,5, ,1,1,1, , , , , , ,2.16666666666667,fair_poor
ret5.2_ap_fs1_2014-04-01,ret5.2,2014-04-01,fs1,spring,f,67.401802905641,19.5,2.33,6.39,1314.33515666,1229.45260772,1.20012288,0.04416512,56.26919854,4.28119100785463,0,0,7562250,5, , ,3,1,1, , , , , , ,1.66666666666667,poor
ret5.2_ap_fs1_2014-05-06,ret5.2,2014-05-06,fs1,spring,f,60.6845510391892,14.8,4.34,5.52,898.13135538,825.41885336,3.6465152,0.17933824,38.38304591,4.27365615063735,0,0,9752925,5, , ,1,1,1, , , , , , ,1.33333333333333,poor
ret5.2_ap_fs1_2015-04-16,ret5.2,2015-04-16,fs1,spring,f,50.3650236363095,16.8,3.23,9.13,846.13239709,561.95335105,192.34108416,0.077056,29.14392028,3.44436879857468,0,0,13504050,5, , ,1,1,1, , , , , , ,1.33333333333333,poor
ret5.2_ap_fs1_2015-05-06,ret5.2,2015-05-06,fs1,spring,f,78.5906717840237,16.9,3.92,8.49,1328.18235315,1238.98351621,0.2659584,0.11872256,55.93499566,4.2113942808637,0,0,20006000,5, , ,1,1,1, , , , , , ,1.33333333333333,poor
ret5.2_ap_fs1_2016-03-01,ret5.2,2016-03-01,fs1,spring,f,98.95238534375,2.56,3.7,1.37,253.31810648,77.75026572,158.77288392,0.57366319,14.80453093,5.84424506235161,0,0,5001500,5, , ,1,5,5, , , , , , ,2.66666666666667,fair_poor
tf3.3_ap_fs1_2016-03-17,tf3.3,2016-03-17,fs1,spring,f,191.283346315972,2.88,3.27,4.02,550.89603739,366.43290387,0.5319168,10.42924032,168.13982976,30.5211543282471,0,0,1500450,5, , ,1,1,5, , , , , , ,2,fair_poor
ret3.1_ap_fs1_2016-05-10,ret3.1,2016-05-10,fs1,spring,f,217.780033980435,13.8,2.97,10.7,3005.36446893,2873.74144267,0.16140288,0.01539584,52.94441472,1.76166369394957,0,0,33009900,5,5, ,1,1,1, , , , , , ,2.16666666666667,fair_poor
tf5.5_ap_fs1_2016-05-12,tf5.5,2016-05-12,fs1,spring,f,33.5262112690909,5.5,4.4,1.28,184.39416198,177.26209366,1.55267072,1.31683296,0.6373569,0.345649175199554,0,0,10003000,1,5, ,1,5,5, , , , , , ,2.83333333333333,fair
ret5.2_ap_fs1_2016-05-19,ret5.2,2016-05-19,fs1,spring,f,54.4340396022044,9.98,5.04,8.55,543.25171523,480.49444819,1.9398784,18.31002624,23.67833226,4.35863000450448,0,11002257,13504050,5,5, ,1,1,5, , , , , , ,2.83333333333333,fair
ret3.1_ap_fs1_2013-04-09,ret3.1,2013-04-09,fs1,spring,o,684.108382786232,2.76,3.3,2.14,1888.13913649,1453.02606632,0,7.02263835,427.04230638,22.6170994566566,0,0,6385900,1,1, ,1,5,1, , , , , , ,1.8,poor
ret4.3_ap_fs1_2013-04-16,ret4.3,2013-04-16,fs1,spring,o,66.3484726163158,19,5.45,3.54,1260.62097971,588.06692997,584.69372416,0,87.55381166,6.94529228603996,19299122,0,11763500,1,5, ,1,1,1, , , , , , ,1.8,poor
ret3.1_ap_fs1_2014-03-11,ret3.1,2014-03-11,fs1,spring,o,13.6720229572222,18,3.06,6.24,246.09641323,122.64212321,13.6685056,0,108.72589578,44.1802033410319,0,0,7394200,1,5, ,3,1,5, , , , , , ,3,fair
ret3.1_ap_fs1_2014-04-08,ret3.1,2014-04-08,fs1,spring,o,23.4125258581461,7.12,2.3,3.52,166.69718411,102.29615627,51.6624192,0,0,0,0,0,6251875,5,3, ,5,1,5, , , , , , ,3.8,fair_good
ret4.3_ap_fs1_2014-04-22,ret4.3,2014-04-22,fs1,spring,o,0,0,5.48,0,11193.70148538,624.10181334,10385.77209344,0,180.66024796,1.61394555854432,47876811,0,250075,1,1, ,1,5,1, , , , , , ,1.8,poor
ret4.3_ap_fs1_2014-05-20,ret4.3,2014-05-20,fs1,spring,o,5.12709298418972,2.53,6.69,5.15,12.97154525,10.92718721,0,0,0.95604124,7.37029568624447,0,0,2000600,1,1, ,1,1,1, , , , , , ,1,poor
ret5.2_ap_fs1_2015-03-03,ret5.2,2015-03-03,fs1,spring,o,138.194590308411,2.14,3.47,2.35,295.73642326,235.4341443,25.81647616,0,32.059934,10.8407120254559,0,0,7002100,1,1, ,1,3,5, , , , , , ,2.2,fair_poor
ret4.3_ap_fs1_2015-03-24,ret4.3,2015-03-24,fs1,spring,o,115.938651656184,4.77,0,6.54,553.0273684,448.29287184,21.48263808,0,19.39570232,3.50718670146741,0,0,3000900,1,1, ,5,1,3, , , , , , ,2.2,fair_poor
ret3.1_ap_fs1_2015-05-12,ret3.1,2015-05-12,fs1,spring,o,69.4843292905405,14.8,3.76,8.9,1028.3680735,360.37336372,636.28955136,0.66257408,17.50117084,1.70183918491709,11066551,0,21006300,1,5, ,1,1,1, , , , , , ,1.8,poor
le5.2_ap_fs1_2016-03-01,le5.2,2016-03-01,fs1,spring,o,101.322172668269,4.16,0,1.3,421.5002383,197.43586792,212.92156351,0.05843968,0.67561592,0.160288383874918,2033740,0,4001200,1,1, ,5,5,5, , , , , , ,3.4,fair_good
ret3.1_ap_fs1_2016-03-17,ret3.1,2016-03-17,fs1,spring,o,1.77946011577689,251,3.89,39.4,446.64448906,1.04180608,444.64376448,0,0.9464769,0.211908334969483,0,0,1000300,1,1, ,1,1,3, , , , , , ,1.4,poor
tf3.3_ap_fs1_2016-04-21,tf3.3,2016-04-21,fs1,spring,o,78.9032633330189,21.2,2.8,11,1672.74918266,1081.3137133,446.60120064,4.68414976,24.21509048,1.44762231726177,0,0,12003600,1,3, ,3,1,1, , , , , , ,1.8,poor
ret4.3_ap_fs1_2016-05-25,ret4.3,2016-05-25,fs1,spring,o,71.6956046377778,4.5,6.67,5.03,322.63022087,189.55115275,0,8.06404608,99.86994104,30.9549244242192,0,0,6001800,1,1, ,1,1,5, , , , , , ,1.8,poor
sbe5_ap_fs1_2013-03-13,sbe5,2013-03-13,fs1,spring,m,59.9968923202358,5.09,14.3,1.49,305.38418191,164.34340577,78.22705408,0,16.47085742,5.39348741542027,0,0,4873450,3,5, ,1,1, ,3,5, , , , ,2.25,fair_poor
we4.2_ap_fs1_2013-03-20,we4.2,2013-03-20,fs1,spring,m,126.033519722222,6.408,3.199,1.58,807.62279438,662.55554272,89.74399744,0,52.82471342,6.54076553901042,14967571,0,8066400,5,3, ,1,1, ,5,5,1, , , ,2.625,fair_poor
cb6.4_ap_fs1_2013-03-20,cb6.4,2013-03-20,fs1,spring,m,44.6840120674157,17.91867,2.954,1.58,715.83787332,647.67957644,55.23541376,0,12.20577848,1.70510375811642,0,0,2856850,1,1, ,3,1, ,5,5, , , , ,2,fair_poor
le5.5-w_ap_fs1_2013-03-20,le5.5-w,2013-03-20,fs1,spring,m,40.5020145380774,6.408,3.409,1.58,259.53690916,171.2120062,85.490416,0,0.36504056,0.140650731019902,0,0,4873450,1,3, ,1,1, ,3,5, , , , ,1.75,poor
ret3.1_ap_fs1_2013-03-27,ret3.1,2013-03-27,fs1,spring,m,134.227850786755,7.55,3.41,3.19,1013.42027344,1011.78775632,1.58546944,0,0,0,0,0,5881750,5,3, ,1,1, ,5,1, , , , ,2,fair_poor
sbe5_ap_fs1_2013-04-10,sbe5,2013-04-10,fs1,spring,m,46.1676523314841,7.21,14.8,1.58,332.86877331,156.23383347,90.36352386,0,84.57354773,25.4074742094347,3126215,0,4369300,3,3, ,1,1, ,3,5,1, , , ,2.125,fair_poor
cb6.1_ap_fs1_2013-04-16,cb6.1,2013-04-16,fs1,spring,m,84.7804817228464,8.544,3.021,1.58,950.72832204,509.3289774,357.96722304,0,0,0,0,0,24535300,5,1, ,3,1, ,5,1, , , , ,2,fair_poor
le3.6_ap_fs1_2013-04-16,le3.6,2013-04-16,fs1,spring,m,117.259706859283,5.607,3.204,1.58,657.47517636,364.64649804,81.74402176,0,3.5054924,0.533174867438732,0,0,19829900,5,5, ,1,1, ,5,5, , , , ,2.75,fair
le5.5-w_ap_fs1_2013-04-17,le5.5-w,2013-04-17,fs1,spring,m,831.356117296348,4.272,3.017,1.58,3551.55333309,2307.40582177,1067.3373312,0,175.70919196,4.94738993000355,11767359,0,19829900,5,5, ,3,1,1,5,1,1, , , ,2.75,fair
cb6.4_ap_fs1_2013-05-14,cb6.4,2013-05-14,fs1,spring,m,66.7740359085305,8.544,2.828,1.58,574.08309632,234.4181631,243.62276992,0,22.69595274,3.95342640908365,0,0,25007500,3,1, ,5,1, ,3,3, , , , ,2,fair_poor
we4.2_ap_fs1_2013-05-14,we4.2,2013-05-14,fs1,spring,m,42.1228686360799,6.408,3.1005,1.58,269.92334222,78.91354774,164.4392,0,20.6616524,7.654637138851,0,0,59267775,1,3, ,3,1, ,1,3, , , , ,1.5,poor
le5.5-w_ap_fs1_2013-05-14,le5.5-w,2013-05-14,fs1,spring,m,57.8419682261756,9.612,2.793,1.7889,555.97699859,143.58948728,260.92921665,0,71.76638792,12.908157729907,3177589,0,36010800,3,1, ,5,1, ,1,3,1, , , ,1.875,poor
sbe5_ap_fs1_2013-05-16,sbe5,2013-05-16,fs1,spring,m,29.3849286393443,2.44,12.3,1.37,71.69922588,15.808704,46.46285952,0,9.28970908,12.9564984363259,0,0,4501350,1,1, ,1,1, ,1,5, , , , ,1.25,poor
cb6.1_ap_fs1_2013-05-16,cb6.1,2013-05-16,fs1,spring,m,344.640541176384,5.0196,3.1,1.58,2337.28322215,1312.34028651,838.4372736,0,61.225406,2.61951163726236,23869509,0,29758925,5,5, ,3,1,1,5,1,1, , , ,2.75,fair
le3.6_ap_fs1_2013-05-17,le3.6,2013-05-17,fs1,spring,m,277.931170186263,5.9808,3.483,1.58,1662.25074265,776.72774561,822.15193088,0,62.28610232,3.74709426934603,10356965,0,133540050,5,5, ,1,1,1,5,1,1, , , ,2.5,fair_poor
ret4.3_ap_fs1_2013-05-21,ret4.3,2013-05-21,fs1,spring,m,12.2890338901961,20.4,4.83,4.56,250.69629136,47.93772032,158.22573568,0,43.67630126,17.4219973590598,0,0,19005700,1,1, ,1,1, ,1,3, , , , ,1,poor
sbe5_ap_fs1_2014-03-12,sbe5,2014-03-12,fs1,spring,m,125.707802434524,5.04,18.1,1.67,633.56732427,513.04271634,74.07809584,0,44.0852635,6.95826028446074,4245441,0,6049800,5,5, ,1,1, ,5,5,1, , , ,2.875,fair
cb6.1_ap_fs1_2014-03-20,cb6.1,2014-03-20,fs1,spring,m,58.6397927873053,3.9516,2.465,1.2517,297.47966881,231.59709345,55.85015616,0,4.28904,1.44179264995061,2795417,0,8066400,3,5, ,5,1, ,3,5,1, , , ,2.875,fair
le3.6_ap_fs1_2014-03-20,le3.6,2014-03-20,fs1,spring,m,222.632533930647,9.2916,2.893,1.2517,2068.61245227,2002.22649725,17.65596672,0,48.33432494,2.33655776783902,13598489,0,6385900,5,1, ,3,1,1,5,1,1, , , ,2.25,fair_poor
sbe5_ap_fs1_2014-04-09,sbe5,2014-04-09,fs1,spring,m,100.98478770438,2.74,20.7,1.76,276.69831831,31.43485255,136.33758146,0.0176128,43.91323785,15.870439010331,0,0,250075,5,3, ,1,1, ,1,5, , , , ,2,fair_poor
cb6.4_ap_fs1_2014-04-14,cb6.4,2014-04-14,fs1,spring,m,71.585645553228,5.874,2.356,1.2517,451.07546976,264.31050585,120.02379611,0,19.70561116,4.36858407984025,3134444,0,2000600,5,5, ,5,1, ,3,5,1, , , ,3.125,fair
we4.2_ap_fs1_2014-04-14,we4.2,2014-04-14,fs1,spring,m,130.465588898642,3.4176,2.241,1.2517,445.87919662,67.41796918,340.99965568,0,27.5241164,6.17299856298463,3352050,0,4751425,5,5, ,5,1, ,1,1,1, , , ,2.375,fair_poor
le5.5-w_ap_fs1_2014-04-14,le5.5-w,2014-04-14,fs1,spring,m,62.264189178911,5.2065,2.4125,1.2517,324.17850096,121.01586603,160.29312161,0,35.91734616,11.0794966518868,2931973,0,4251275,3,5, ,5,1, ,1,3,1, , , ,2.375,fair_poor
cb6.1_ap_fs1_2014-04-22,cb6.1,2014-04-22,fs1,spring,m,140.925300242118,9.8256,2.301,1.2517,1344.54010455,986.03613009,284.71895018,2.49807984,62.3212161,4.63513255492354,8590331,0,1750525,5,1, ,5,1,1,5,1,1, , , ,2.5,fair_poor
le3.6_ap_fs1_2014-04-22,le3.6,2014-04-22,fs1,spring,m,67.7647231292135,21.36,2.602,1.2517,1447.45448604,341.3427648,1074.74506496,4.73069568,9.53412124,0.658681936596418,6197894,0,6752025,3,1, ,5,1,1,5,1,1, , , ,2.25,fair_poor
cb7.4_ap_fs1_2014-05-12,cb7.4,2014-05-12,fs1,spring,m,46.4716406005651,7.7964,2.35,1.2517,424.35113898,185.96456736,203.12236416,1.4783424,24.41156874,5.75268132864621,4174265,0,1750525,3,3, ,5,1, ,3,3,1, , , ,2.375,fair_poor
cb7.3e_ap_fs1_2014-05-12,cb7.3e,2014-05-12,fs1,spring,m,132.765985677278,12.816,2.556,1.2517,1701.52887244,670.4923843,835.23225344,12.71374464,180.92558126,10.6331184965761,10665157,0,500150,5,1, ,5,1,1,5,1,1, , , ,2.5,fair_poor
cb6.1_ap_fs1_2014-05-12,cb6.1,2014-05-12,fs1,spring,m,129.167478388836,14.952,2.57,1.2517,2498.44326337,1302.53924417,1148.8394688,0,38.97034368,1.55978501698835,16106220,0,500150,5,1, ,5,1,1,5,1,1, , , ,2.5,fair_poor
le3.6_ap_fs1_2014-05-12,le3.6,2014-05-12,fs1,spring,m,96.478519329926,14.2044,2.752,1.2517,1370.41947997,515.95003347,687.73151232,31.35851008,109.45913226,7.98727206230286,11965797,0,13003900,5,1, ,5,1,1,5,1,1, , , ,2.5,fair_poor
cb6.4_ap_fs1_2014-05-13,cb6.4,2014-05-13,fs1,spring,m,139.226721183018,8.7576,2.509,1.2517,1330.8125371,620.35498006,596.74661376,0,110.65554104,8.31488567737209,11259954,0,9252775,5,1, ,5,1,1,5,1,1, , , ,2.5,fair_poor
we4.2_ap_fs1_2014-05-14,we4.2,2014-05-14,fs1,spring,m,135.628766263638,9.8256,2.7895,1.2517,1332.6340058,816.43311738,310.60430592,0,203.33391882,15.2580466906167,14970725,0,500150,5,1, ,5,1,1,5,1,1, , , ,2.5,fair_poor
sbe5_ap_fs1_2014-05-14,sbe5,2014-05-14,fs1,spring,m,77.759724,3.79,14.6,0.94,294.70935396,89.18310503,139.87189483,0,63.12227483,21.418483662574,4205117,0,1250375,5,5, ,1,5, ,1,5,1, , , ,2.875,fair
le5.5-w_ap_fs1_2014-05-14,le5.5-w,2014-05-14,fs1,spring,m,90.0887717986238,11.481,2.585,1.602,1034.30918902,674.54225004,256.40177664,7.11842816,91.81414794,8.87685702831212,12188453,0,16004800,5,1, ,5,1, ,5,3,1, , , ,2.625,fair_poor
le3.6_ap_fs1_2015-03-12,le3.6,2015-03-12,fs1,spring,m,325.828852906523,2.5632,2.178,0.72624,835.16451577,767.66391901,27.4962624,0,39.92638492,4.78066107528394,5935436,0,3000900,5,1, ,5,5, ,5,1,1, , , ,2.875,fair
sbe5_ap_fs1_2015-03-19,sbe5,2015-03-19,fs1,spring,m,73.5939861824786,93.6,22.2,4.85,6888.39710668,242.94975006,6621.79874816,0,22.02513326,0.319742502049442,18012722,0,2000600,5,1, ,1,1,1,3,1,1, , , ,1.75,poor
ret3.1_ap_fs1_2015-03-19,ret3.1,2015-03-19,fs1,spring,m,54.2104144860656,12.2,2.61,3.06,661.36705673,136.68368841,417.08229248,0,49.38624576,7.46729751012707,0,0,8002400,3,1, ,5,1, ,1,1, , , , ,1.5,poor
cb6.1_ap_fs1_2015-04-07,cb6.1,2015-04-07,fs1,spring,m,142.656026654182,3.6312,2.28,0.313,548.48389128,385.75469356,102.072736,0.9775104,56.71592668,10.3404908661295,4774898,0,15504650,5,5, ,5,5, ,5,5,1, , , ,3.875,fair_good
le3.6_ap_fs1_2015-04-07,le3.6,2015-04-07,fs1,spring,m,121.436148067148,4.4856,2.772,0.313,544.71398577,291.36072225,200.37591168,0,36.44721902,6.69107457714322,4553298,0,6501950,5,5, ,5,5, ,5,3,1, , , ,3.625,fair_good
ret4.3_ap_fs1_2015-04-29,ret4.3,2015-04-29,fs1,spring,m,108.526312228211,8.72,4.41,3.31,946.34944263,392.13737453,419.24225789,0.1870885,132.54897297,14.0063455420477,14786553,0,5001500,5,1, ,1,1, ,5,1,1, , , ,1.875,poor
cb6.4_ap_fs1_2015-05-05,cb6.4,2015-05-05,fs1,spring,m,110.734627934218,12.282,2.408,0.313,1436.914679,1085.26438937,298.16152635,0,51.96132486,3.61617329263848,8845053,0,9002700,5,1, ,5,5,1,5,1,1, , , ,3,fair
cb6.1_ap_fs1_2015-05-06,cb6.1,2015-05-06,fs1,spring,m,85.6823434084358,12.4155,2.46,0.313,1092.3856167,814.50773996,232.15551104,0,43.4582156,3.97828522598855,10713323,0,30009000,5,1, ,5,5, ,5,3,1, , , ,3.125,fair
le3.6_ap_fs1_2015-05-06,le3.6,2015-05-06,fs1,spring,m,186.849407111016,9.8256,2.443,0.313,1835.90753451,1158.48484093,620.8090464,0,48.33432494,2.63272109468739,13992153,0,43012900,5,1, ,5,5,1,5,1,1, , , ,3,fair
ret4.3_ap_fs1_2015-05-13,ret4.3,2015-05-13,fs1,spring,m,8.39327245620438,13.7,4.29,5.42,114.98783265,50.68439237,30.89302368,0,17.48903836,15.2094686515513,1328517,0,20506150,1,1, ,1,1, ,1,5, , , , ,1.25,poor
sbe5_ap_fs1_2015-05-20,sbe5,2015-05-20,fs1,spring,m,43.7043063274854,1.71,10.2,1.13,74.73436382,47.0215151,0.95532544,0,22.36529376,29.926385422732,1677445,0,5001500,1,1, ,1,1, ,1,1,1, , , ,0.875,poor
sbe5_ap_fs1_2016-03-09,sbe5,2016-03-09,fs1,spring,m,200.788219729412,4.25,19.8,1.02,853.34993385,93.88039401,679.14307072,0,65.193408,7.63970387925987,0,0,500150,5,5, ,1,3, ,1,1, , , , ,2,fair_poor
cb6.1_ap_fs1_2016-03-16,cb6.1,2016-03-16,fs1,spring,m,233.61888372369,12.1752,2.155,1.368,3542.970543,3238.0486528,280.71226368,0,23.13684316,0.653035154517795,26348646,0,6001800,5,1, ,5,1,1,1,1,1, , , ,2,fair_poor
le3.6_ap_fs1_2016-03-16,le3.6,2016-03-16,fs1,spring,m,49.3492265938295,19.3308,2.27,1.602,953.96002944,824.99697826,111.64616704,0,16.74159608,1.75495781409497,7827722,0,4501350,3,1, ,5,1, ,5,5,1, , , ,2.625,fair_poor
ret4.3_ap_fs1_2016-03-16,ret4.3,2016-03-16,fs1,spring,m,53.9873081394177,89.3,4.84,3.19,4821.06661685,68.07389843,4683.98409216,6.365184,60.29570304,1.25067143501527,0,0,500150,3,1, ,1,1,1,1,1, , , , ,1.125,poor
sbe5_ap_fs1_2016-04-14,sbe5,2016-04-14,fs1,spring,m,114.604858846154,2.47,16,0.74,283.07400135,95.08321479,69.1425632,0.07432704,78.01258232,27.5590771133882,2330874,0,4001200,5,1, ,1,5, ,1,5,1, , , ,2.375,fair_poor
ret3.1_ap_fs1_2016-04-21,ret3.1,2016-04-21,fs1,spring,m,15.7551787654206,21.4,3.45,13.7,337.16082558,189.1747763,137.45193344,0.01864576,2.573424,0.76326304978435,2850866,0,20006000,1,1, ,1,1, ,3,5,1, , , ,1.625,poor
ret4.3_ap_fs1_2016-04-27,ret4.3,2016-04-27,fs1,spring,m,32.7823589652893,12.1,4.86,6.24,396.66654348,189.34669876,154.15036576,0,20.45799416,5.15747912100671,2496964,0,2000600,1,1, ,1,1, ,3,5,1, , , ,1.625,poor
cb6.1_ap_fs1_2016-04-27,cb6.1,2016-04-27,fs1,spring,m,118.954872923791,7.0488,2.663,1.368,876.60224955,262.90969192,576.03529536,0.66330768,34.24005809,3.90599705939347,3581051,0,35510650,5,3, ,5,1, ,3,1,1, , , ,2.375,fair_poor
le3.6_ap_fs1_2016-04-28,le3.6,2016-04-28,fs1,spring,m,112.752870947621,7.2624,2.548,1.368,818.85644997,390.06712489,384.03858688,0,40.17079708,4.90571907707043,4536587,0,18505550,5,3, ,5,1, ,5,1,1, , , ,2.625,fair_poor
cb6.4_ap_fs1_2016-05-10,cb6.4,2016-05-10,fs1,spring,m,150.650554264778,5.7672,2.348,1.368,925.14505374,589.59046174,302.7059456,0,32.44283136,3.50678320430362,4443026,0,22506750,5,5, ,5,1, ,5,1,1, , , ,2.875,fair
le5.5-w_ap_fs1_2016-05-10,le5.5-w,2016-05-10,fs1,spring,m,53.4973087083453,10.413,2.3065,1.368,557.06747558,220.86620664,279.76068455,0,43.82391117,7.86689460273587,2975152,0,21506450,3,1, ,5,1, ,3,1,1, , , ,1.875,poor
le5.4_ap_fs1_2016-05-19,le5.4,2016-05-19,fs1,spring,m,46.6964927104874,6.77,2.595,1.565,316.13525565,161.24372353,139.31394656,0,10.96380124,3.468072935256,1471263,0,31009300,3,3, ,5,1, ,3,5, , , , ,2.5,fair_poor
le5.2_ap_fs1_2016-05-19,le5.2,2016-05-19,fs1,spring,m,36.2538322928994,3.38,0,1.73,122.53795315,37.92891027,46.53324,0,35.98479676,29.3662459955983,1623448,0,26007800,1,5, ,5,1, ,1,5,1, , , ,2.375,fair_poor
cb6.1_ap_fs1_2016-05-19,cb6.1,2016-05-19,fs1,spring,m,114.900295608719,4.4856,2.341,1.368,546.07514491,199.92141783,285.30837485,0,54.09926484,9.90692679281644,2973760,0,41012300,5,5, ,5,1, ,3,1,1, , , ,2.625,fair_poor
le3.6_ap_fs1_2016-05-20,le3.6,2016-05-20,fs1,spring,m,101.630693847274,4.806,2.4,1.368,488.43711463,70.15714407,362.34118413,0.08648325,53.58364982,10.97042960394,2151823,0,32009600,5,5, ,5,1, ,1,1,1, , , ,2.375,fair_poor
cb7.3e_ap_fs1_2013-03-20,cb7.3e,2013-03-20,fs1,spring,p,115.012539751447,2.3496,2.57,1.58,270.2334634,135.07227756,112.33940096,0,8.77454648,3.24702439498098,0,0,4536850,5,5, ,3,1, , , ,5,5, , ,3.42857142857143,fair_good
cb7.4_ap_fs1_2013-03-20,cb7.4,2013-03-20,fs1,spring,p,88.8975697351525,3.3108,2.575,1.58,332.29911567,251.88082913,75.19804544,0,1.27472558,0.383607876123843,0,0,4537350,3,3, ,3,1, , , ,5,5, , ,2.85714285714286,fair
cb7.4_ap_fs1_2013-04-15,cb7.4,2013-04-15,fs1,spring,p,435.02386697122,1.58,2.06,1.58,761.81379584,238.51635621,430.23638916,0,93.02045783,12.2103929251416,3835573,0,14116200,5,5, ,5,1, , , ,1,1, , ,2.57142857142857,fair_poor
cb7.3e_ap_fs1_2013-04-15,cb7.3e,2013-04-15,fs1,spring,p,63.565290585206,2.136,1.989,1.58,135.77546069,63.94811531,47.8290496,0,23.96190282,17.6481837721099,2562924,0,17141100,1,5, ,5,1, , , ,1,1, , ,2,fair_poor
cb6.4_ap_fs1_2013-04-16,cb6.4,2013-04-16,fs1,spring,p,251.097655589167,2.5632,2.595,1.58,697.24797004,201.61761694,313.41472128,0.011008,137.30194478,19.6919820034934,12264306,0,18149400,5,5, ,3,1, , , ,1,1, , ,2.28571428571429,fair_poor
we4.2_ap_fs1_2013-04-17,we4.2,2013-04-17,fs1,spring,p,109.827840592002,4.1385,2.7615,1.58,454.52251829,68.22939778,323.77045672,0,58.61824727,12.8966651620547,3521087,0,16468900,5,1, ,1,1, , , ,1,1, , ,1.42857142857143,poor
cb7.4_ap_fs1_2013-05-14,cb7.4,2013-05-14,fs1,spring,p,65.3455013260863,5.6604,2.4,1.58,429.20232181,180.39132769,243.6270784,0,1.32109358,0.307802058113009,0,0,42512750,1,1, ,5,1, , , ,5,5, , ,2.57142857142857,fair_poor
cb7.3e_ap_fs1_2013-05-14,cb7.3e,2013-05-14,fs1,spring,p,88.3682528683336,7.5828,2.288,1.58,670.07878785,561.74516417,102.78847744,0,1.59340992,0.237794412969343,0,0,54516350,3,1, ,5,1, , , ,5,5, , ,2.85714285714286,fair
cb7.3e_ap_fs1_2014-03-19,cb7.3e,2014-03-19,fs1,spring,p,191.340986759379,6.5148,1.925,1.2517,1246.54826054,853.19975038,353.24700288,0,39.459168,3.16547455474419,5933611,0,7730300,5,1, ,5,1,1, , ,1,5, , ,2.71428571428571,fair
cb6.4_ap_fs1_2014-03-20,cb6.4,2014-03-20,fs1,spring,p,163.809864111038,4.806,2.231,1.2517,929.4162165,791.88994604,44.94999552,0,87.74555904,9.4409326502213,11033752,0,9066400,5,1, ,5,1, , , ,1,1, , ,2,fair_poor
we4.2_ap_fs1_2014-03-20,we4.2,2014-03-20,fs1,spring,p,760.153499912609,4.806,3.0585,1.2517,3653.29772058,1395.2580732,344.3755904,0,1819.88035036,49.8147287615824,28188529,0,9074700,5,1, ,1,1,1, , ,1,1, , ,1.57142857142857,poor
cb7.4_ap_fs1_2014-03-21,cb7.4,2014-03-21,fs1,spring,p,71.5013888380803,4.5924,2.539,1.2517,328.3629781,293.22231734,24.45352832,0,6.10288924,1.85858018322072,0,0,10419100,3,1, ,3,1, , , ,5,5, , ,2.57142857142857,fair_poor
le5.5-w_ap_fs1_2014-03-21,le5.5-w,2014-03-21,fs1,spring,p,70.8368097191011,10.146,2.772,1.8156,718.71027141,628.06523385,17.93885184,0,70.32398284,9.78474715576766,7187345,0,7058100,1,1, ,1,1, , , ,1,1, , ,0.857142857142857,poor
cb7.4_ap_fs1_2014-04-14,cb7.4,2014-04-14,fs1,spring,p,163.114659583786,3.3108,2.062,1.2517,540.04001495,372.45509411,134.313716,0,33.06392092,6.12249463089531,2831633,0,3000900,5,3, ,5,1, , , ,1,3, , ,2.57142857142857,fair_poor
cb7.3e_ap_fs1_2014-04-21,cb7.3e,2014-04-21,fs1,spring,p,147.589462718477,6.408,1.854,1.2517,945.7532771,503.84399116,367.80886656,0,29.43621066,3.11246192561567,3770801,0,1250375,5,1, ,5,1, , , ,1,5, , ,2.57142857142857,fair_poor
cb7.4_ap_fs1_2015-03-09,cb7.4,2015-03-09,fs1,spring,p,241.71871720106,2.2428,1.726,0.313,529.21895944,519.29320044,3.79798656,0,6.10288924,1.1531879444489,3379858,0,2000600,5,5, ,5,5, , , ,1,5, , ,3.71428571428571,fair_good
cb7.3e_ap_fs1_2015-03-09,cb7.3e,2015-03-09,fs1,spring,p,185.047605730337,1.602,1.807,0.313,296.44626438,253.01904172,19.96584448,0,21.766238,7.34238903145662,4557950,0,3000900,5,5, ,5,5, , , ,1,1, , ,3.14285714285714,fair
cb6.4_ap_fs1_2015-03-09,cb6.4,2015-03-09,fs1,spring,p,271.115029454254,1.2816,2.038,0.313,405.37119204,362.69491428,5.36605952,0.00572416,37.25472768,9.1902750889915,4715462,0,10003000,5,5, ,5,5, , , ,1,1, , ,3.14285714285714,fair
we4.2_ap_fs1_2015-03-09,we4.2,2015-03-09,fs1,spring,p,248.054283865035,2.9904,2.153,0.82236,741.78153047,656.28979479,45.15515648,0,31.9856736,4.31200728059831,12813106,0,3501050,5,3, ,5,3, , , ,1,5, , ,3.14285714285714,fair
le5.5-w_ap_fs1_2015-03-09,le5.5-w,2015-03-09,fs1,spring,p,186.761717470989,6.5148,2.966,0.51264,1216.71523698,933.5436367,239.90508544,0,43.23541084,3.55345355477871,16960588,0,5001500,5,1, ,1,5,1, , ,1,5, , ,2.71428571428571,fair
cb6.1_ap_fs1_2015-03-12,cb6.1,2015-03-12,fs1,spring,p,276.730839690252,1.9224,2.181,0.41652,546.76479306,338.44620114,171.78338304,0,15.9223436,2.91210110857535,4075263,0,3501050,5,5, ,5,5, , , ,1,5, , ,3.71428571428571,fair_good
cb7.4_ap_fs1_2015-04-06,cb7.4,2015-04-06,fs1,spring,p,221.815636358718,2.4564,1.587,0.313,533.02297417,394.06072257,118.62873856,0,19.48753728,3.65604077579304,0,0,10003000,5,5, ,5,5, , , ,5,5, , ,4.28571428571429,good
cb7.3e_ap_fs1_2015-04-06,cb7.3e,2015-04-06,fs1,spring,p,489.205817913155,1.7088,1.783,0.313,835.95490165,699.55101001,124.67390976,0,10.9310529,1.30761275260476,0,0,5001500,5,5, ,5,5, , , ,5,5, , ,4.28571428571429,good
cb6.4_ap_fs1_2015-04-07,cb6.4,2015-04-07,fs1,spring,p,210.006817626404,2.5632,2.171,0.313,538.28947494,271.93851764,220.75083536,0,39.98867068,7.42884127252484,4129349,0,6001800,5,5, ,5,5, , , ,1,1, , ,3.14285714285714,fair
we4.2_ap_fs1_2015-04-08,we4.2,2015-04-08,fs1,spring,p,118.846102371435,5.5536,2.2305,0.313,660.02371413,168.70909762,457.70257208,0,31.86876251,4.82842689251057,2880653,0,4501350,5,1, ,5,5, , , ,1,5, , ,3.14285714285714,fair
le5.5-w_ap_fs1_2015-04-08,le5.5-w,2015-04-08,fs1,spring,p,84.5990614107366,16.02,2.169,1.5486,1355.2769638,1173.67590386,84.33729536,0,76.37833482,5.63562554814229,23255884,0,10503150,3,1, ,5,1,1, , ,1,3, , ,2.14285714285714,fair_poor
cb7.4_ap_fs1_2015-05-05,cb7.4,2015-05-05,fs1,spring,p,46.6763357097875,6.8352,2.069,0.313,281.65434494,154.0455976,113.97806105,0,10.69989815,3.79894659614762,1863619,0,17005100,1,1, ,5,5, , , ,1,5, , ,2.57142857142857,fair_poor
cb7.3e_ap_fs1_2015-05-05,cb7.3e,2015-05-05,fs1,spring,p,137.994656621021,8.544,2.243,0.313,1179.02634617,766.98803393,341.91576448,0,70.04789816,5.94116479140153,7463109,0,13003900,5,1, ,5,5,1, , ,1,3, , ,3,fair
we4.2_ap_fs1_2015-05-07,we4.2,2015-05-07,fs1,spring,p,102.945453377029,4.806,2.456,0.313,494.75584893,351.51718625,94.22026496,0,46.7255158,9.44415632499393,4090738,0,37511250,3,1, ,5,5, , , ,1,1, , ,2.28571428571429,fair_poor
le5.5-w_ap_fs1_2015-05-07,le5.5-w,2015-05-07,fs1,spring,p,175.305506300161,5.2332,2.208,0.313,917.40877557,544.82685931,313.68377856,0.78200832,54.07059594,5.89383897122688,6800876,0,28008400,5,1, ,5,5, , , ,1,3, , ,2.85714285714286,fair
le5.4_ap_fs1_2016-03-01,le5.4,2016-03-01,fs1,spring,p,99.0117587673333,15,0,3.64,1485.17638151,602.25603339,793.03278336,0,85.16098232,5.73406521812686,10960741,0,2500750,3,1, ,5,1,1, , ,1,3, , ,2.14285714285714,fair_poor
le5.5-w_ap_fs1_2016-03-14,le5.5-w,2016-03-14,fs1,spring,p,104.339865733742,11.748,2.577,2.00784,1225.78474264,548.50240876,605.05809787,0,71.38601103,5.82369877408119,11629254,0,1500450,3,1, ,3,1,1, , ,1,3, , ,1.85714285714286,poor
we4.2_ap_fs1_2016-03-14,we4.2,2016-03-14,fs1,spring,p,233.426981755706,5.6604,2.536,1.368,1321.29008753,958.25097767,300.60225405,0,59.02096568,4.46691958389947,15415211,0,7502250,5,1, ,3,1,1, , ,1,5, , ,2.42857142857143,fair_poor
cb6.4_ap_fs1_2016-03-14,cb6.4,2016-03-14,fs1,spring,p,137.441434495342,9.078,2.096,1.368,1431.1776574,1250.76916578,91.66872576,0,85.1960961,5.95286655430148,13724215,0,7002100,5,1, ,5,1,1, , ,1,3, , ,2.42857142857143,fair_poor
cb7.3e_ap_fs1_2016-03-15,cb7.3e,2016-03-15,fs1,spring,p,95.0571318011576,4.6992,1.6265,1.368,446.69247376,380.90069216,44.37788864,0,21.02109066,4.70594243127863,2896338,0,35510650,3,1, ,5,1, , , ,1,5, , ,2.28571428571429,fair_poor
cb7.4_ap_fs1_2016-03-16,cb7.4,2016-03-16,fs1,spring,p,160.068464499732,2.7768,1.811,1.368,418.83514421,306.96191575,97.4400736,0,13.84071224,3.30457279703835,3297367,0,18505550,5,5, ,5,1, , , ,1,5, , ,3.14285714285714,fair
le5.5-w_ap_fs1_2016-04-18,le5.5-w,2016-04-18,fs1,spring,p,62.3396531474211,8.8644,2.195,1.368,552.60362136,192.53357564,190.9526338,0,9.237858,1.67169697101603,926567,0,27008100,1,1, ,5,1, , , ,1,5, , ,2,fair_poor
cb7.4_ap_fs1_2016-04-18,cb7.4,2016-04-18,fs1,spring,p,122.282072478346,1.368,1.691,1.368,175.05901496,100.48281356,65.85389344,0,7.80651882,4.45936407318626,1010808,0,59017700,5,5, ,5,1, , , ,1,5, , ,3.14285714285714,fair
cb7.3e_ap_fs1_2016-04-18,cb7.3e,2016-04-18,fs1,spring,p,74.7212889096962,4.806,1.757,1.368,359.1105145,251.69730921,85.99485716,0.1253192,9.78532434,2.72487826028274,1376911,0,57517250,3,1, ,5,1, , , ,1,5, , ,2.28571428571429,fair_poor
cb6.4_ap_fs1_2016-04-18,cb6.4,2016-04-18,fs1,spring,p,53.9397974545707,4.806,2.296,1.368,233.31119991,133.56864393,74.30539264,0,10.25773674,4.39658993822711,1244132,0,30509150,1,1, ,5,1, , , ,1,5, , ,2,fair_poor
we4.2_ap_fs1_2016-04-18,we4.2,2016-04-18,fs1,spring,p,82.8715238733841,6.6216,2.446,1.368,548.74208248,222.6755296,243.3598464,0.0044032,23.84847224,4.34602575625667,4296940,0,28008400,3,1, ,5,1, , , ,1,5, , ,2.28571428571429,fair_poor
cb7.4_ap_fs1_2016-05-10,cb7.4,2016-05-10,fs1,spring,p,107.299265769249,3.9516,2.034,1.368,441.19312099,125.18898225,250.09456888,0,32.76021666,7.42536886941683,0,0,195558650,3,3, ,5,1, , , ,5,1, , ,2.57142857142857,fair_poor
cb7.3e_ap_fs1_2016-05-10,cb7.3e,2016-05-10,fs1,spring,p,74.3764486267166,5.4468,1.943,1.368,405.11364038,64.59012468,277.91997904,0,36.2207806,8.94089386030661,2828341,0,139541850,3,1, ,5,1, , , ,1,1, , ,1.71428571428571,poor
we4.2_ap_fs1_2016-05-10,we4.2,2016-05-10,fs1,spring,p,118.613705534201,10.146,2.512,1.368,1203.45465635,572.04262913,525.66105344,0,99.51045888,8.2687335459575,7525548,0,55016500,5,1, ,3,1,1, , ,1,1, , ,1.85714285714286,poor
ret5.2_ap_fs1_2013-07-15,ret5.2,2013-07-15,fs1,summer,f,22.5144020191045,33.5,4.19,9.09,754.23246764,454.54826412,0,23.40893184,20.75040768,2.75119523095157,0,0,121036300, ,1,5,1,1,1,1, , , , , ,1.42857142857143,poor
tf3.3_ap_fs1_2013-08-13,tf3.3,2013-08-13,fs1,summer,f,68.130494290795,23.9,5.28,7.13,1628.31881355,1030.23267795,10.52953088,62.93905408,121.4352044,7.45770443659319,0,0,91027300, ,1,3,1,1,1,1, , , , , ,1.14285714285714,poor
ret5.2_ap_fs1_2016-07-06,ret5.2,2016-07-06,fs1,summer,f,107.570624200617,16.2,4.1,10.2,1742.64411205,1420.12535783,4.95204352,111.79354624,87.25673472,5.00714598675879,0,0,65019500, ,1,1,1,1,1,1, , , , , ,0.857142857142857,poor
ret3.1_ap_fs1_2013-07-09,ret3.1,2013-07-09,fs1,summer,o,20.7123858397906,19.1,4.39,9.34,395.60656954,339.0082276,2.62007936,5.06065536,34.70526474,8.77267149035323,11297598,0,222066600, ,1,5,1,1, ,1, , , , , ,1.8,poor
ret3.1_ap_fs1_2013-08-13,ret3.1,2013-08-13,fs1,summer,o,48.6442658348361,24.4,4.78,8.17,1186.92008637,855.49591557,17.70790912,65.82618112,5.09890232,0.429591038061724,75795403,0,86025800, ,1,1,1,1, ,1, , , , , ,1,poor
ret5.2_ap_fs1_2013-08-15,ret5.2,2013-08-15,fs1,summer,o,34.8402327688623,8.35,5.05,4.68,290.91594362,268.26477378,0.22089856,2.34783744,13.67698232,4.70135192654313,0,0,131039300, ,5,5,1,1, ,1, , , , , ,2.6,fair_poor
ret5.2_ap_fs1_2013-09-04,ret5.2,2013-09-04,fs1,summer,o,25.9618294048866,5.73,4.56,5.58,148.76128249,106.46016459,38.02825623,0.6516736,0.95604124,0.642668054481358,0,0,94028200, ,5,3,1,1, ,5, , , , , ,3,fair
tf3.3_ap_fs1_2013-09-10,tf3.3,2013-09-10,fs1,summer,o,64.1568198263736,18.2,4.62,6.94,1167.65412084,739.8310127,4.59821056,82.88921088,72.74589368,6.23008923461575,0,0,272081600, ,1,1,1,1, ,1, , , , , ,1,poor
ret5.2_ap_fs1_2014-07-01,ret5.2,2014-07-01,fs1,summer,o,100.857623223423,11.1,4.31,6.67,1119.51961778,1038.54518614,0,6.67078656,55.49386588,4.95693554616256,0,0,25507650, ,1,5,1,1, ,1, , , , , ,1.8,poor
ret3.1_ap_fs1_2014-07-08,ret3.1,2014-07-08,fs1,summer,o,32.0498091892157,40.8,3.87,6.19,1307.63221492,784.10954056,294.50284032,137.16473344,64.77171978,4.95335913576913,0,0,246073800, ,1,1,3,1, ,1, , , , , ,1.4,poor
ret5.2_ap_fs1_2014-08-05,ret5.2,2014-08-05,fs1,summer,o,41.21752418,25,4.02,4.42,1030.4381045,733.13474089,3.53437696,1.51802954,70.30439687,6.82276757458555,0,0,84025200, ,1,3,1,1, ,1, , , , , ,1.4,poor
ret3.1_ap_fs1_2014-08-14,ret3.1,2014-08-14,fs1,summer,o,56.1385086365957,23.5,3.95,12.8,1319.25495296,893.79974656,13.93872896,38.84371968,0.741888,0.0562353772737736,64878080,0,122536750, ,1,1,3,1, ,1, , , , , ,1.4,poor
tf3.3_ap_fs1_2014-08-14,tf3.3,2014-08-14,fs1,summer,o,76.207155412,45,3.72,15.9,3429.32199354,1527.72461826,12.15526912,42.64484864,332.54187704,9.69701526034672,0,0,27608100, ,1,1,3,1, ,1, , , , , ,1.4,poor
ret5.2_ap_fs1_2014-09-03,ret5.2,2014-09-03,fs1,summer,o,25.7409696253298,7.58,3.96,4.69,195.11654976,148.44334016,0.61530368,10.93550848,13.48051584,6.90895562502591,7218432,0,66019800, ,5,5,3,1, ,1, , , , , ,3,fair
tf3.3_ap_fs1_2014-09-17,tf3.3,2014-09-17,fs1,summer,o,145.252959948503,16.7,3.97,9.95,2425.72443114,2121.1023257,14.53623296,19.56610048,227.84136714,9.39271436669016,0,0,74022200, ,1,5,3,1, ,1, , , , , ,2.2,fair_poor
ret5.2_ap_fs1_2015-07-07,ret5.2,2015-07-07,fs1,summer,o,52.2408104547085,22.3,4.21,6.96,1164.97007314,850.37209836,21.29796864,155.51417088,81.13696896,6.96472560374943,46625381,46625381,120036000, ,1,1,1,1, ,1, , , , , ,1,poor
ret5.2_ap_fs1_2015-08-13,ret5.2,2015-08-13,fs1,summer,o,76.9469075026853,9.31,4.35,14.6,716.37570885,573.51124457,19.05329664,33.33678592,75.59243356,10.5520654352377,0,0,226067800, ,5,1,1,1, ,1, , , , , ,1.8,poor
ret5.2_ap_fs1_2015-09-02,ret5.2,2015-09-02,fs1,summer,o,19.3317265507246,13.8,4.45,7.3,266.7778264,210.30928112,1.5034304,27.98155776,0.030912,0.0115871698998144,0,0,136040800, ,1,1,1,1, ,1, , , , , ,1,poor
tf3.3_ap_fs1_2015-09-09,tf3.3,2015-09-09,fs1,summer,o,46.0287835784314,20.4,4.64,11.6,938.987185,337.72183682,498.7304192,20.98262016,72.55415808,7.72685285156474,35123864,0,280084000, ,1,5,1,1, ,1, , , , , ,1.8,poor
tf3.3_ap_fs1_2016-07-21,tf3.3,2016-07-21,fs1,summer,o,56.459902494382,9.79,4.1,2.84,552.74244542,326.11182364,9.19642112,75.43671296,0.247296,0.0447398244967587,0,0,22006600, ,1,1,1,1, ,1, , , , , ,1,poor
ret5.2_ap_fs1_2016-08-02,ret5.2,2016-08-02,fs1,summer,o,60.3361829103943,8.37,3.77,7.91,505.01385096,477.28514404,0.22089856,5.18002816,10.56444644,2.09191221585658,0,0,187056100, ,5,5,3,1, ,1, , , , , ,3,fair
tf3.3_ap_fs1_2016-08-09,tf3.3,2016-08-09,fs1,summer,o,129.636527607177,20.9,4.05,7.44,2709.40342699,607.53337099,1507.12281088,170.70613504,227.6059222,8.40059180307666,0,0,39011700, ,1,1,1,1, ,1, , , , , ,1,poor
cb6.1_ap_fs1_2013-07-15,cb6.1,2013-07-15,fs1,summer,m,49.1187505480954,7.476,2.919,2.4009,358.4686415,152.55853288,187.50938496,0,16.55236526,4.61752112841368,7304959,0,249074700,5,5, ,5,1, , ,5, , , ,1,3.14285714285714,fair
le3.6_ap_fs1_2013-07-15,le3.6,2013-07-15,fs1,summer,m,56.7681443875303,9.078,2.63,1.58,515.34121475,133.78620491,331.95904256,0,35.97999032,6.98178008864563,8092479,0,223066900,5,3, ,5,3, , ,1, , , ,1,2.57142857142857,fair_poor
ret4.3_ap_fs1_2013-07-16,ret4.3,2013-07-16,fs1,summer,m,61.2908313012987,15.4,5.54,4.88,943.87880204,245.50981954,607.92173696,0.01519616,89.64431562,9.49743922908876,6391262,0,148044400,5,1, ,1,1,1, ,1, , , ,1,1.57142857142857,poor
cb6.1_ap_fs1_2013-08-12,cb6.1,2013-08-12,fs1,summer,m,58.4601072501478,8.188,2.68,1.58,494.2802068,153.57764845,254.72351634,0,85.53768777,17.3055053779669,5366522,0,441132300,5,3, ,5,3, , ,1, , , ,3,2.85714285714286,fair
le3.6_ap_fs1_2013-08-12,le3.6,2013-08-12,fs1,summer,m,23.7875414958913,11.926,2.834,1.58,283.69021988,93.7383885,83.70638848,0,102.73330176,36.2131982566956,4021912,0,286085800,1,1, ,5,3, , ,5, , , ,1,2.28571428571429,fair_poor
ret4.3_ap_fs1_2013-08-20,ret4.3,2013-08-20,fs1,summer,m,47.6597589858729,9.91,4.89,4.08,472.30821155,387.62849596,2.11564544,0.28350966,82.15510001,17.394383159333,8436966,0,99029700,5,1, ,1,1, , ,1, , , ,1,1.42857142857143,poor
ret3.1_ap_fs1_2013-09-10,ret3.1,2013-09-10,fs1,summer,m,8.84973575276382,19.9,4.24,11,176.10974148,97.8507407,59.12936576,7.01420544,1.27472558,0.723824570570257,18158745,18158745,205061500,1,1, ,1,1, , ,5, , , ,1,1.42857142857143,poor
ret4.3_ap_fs1_2013-09-19,ret4.3,2013-09-19,fs1,summer,m,52.1751163763636,11,5.16,7.26,573.92628014,389.60203906,127.23054464,0.1837568,54.39805578,9.47823050840789,10338993,0,59017700,5,1, ,1,1, , ,5, , , ,1,2,fair_poor
cb6.1_ap_fs1_2014-07-07,cb6.1,2014-07-07,fs1,summer,m,52.3832558216948,11.926,2.507,1.2517,498.84574519,246.43652215,98.82876544,0,152.32793664,30.5360801628129,7646290,0,30259075,5,1, ,5,3, , ,5, , , ,1,2.85714285714286,fair
le3.6_ap_fs1_2014-07-07,le3.6,2014-07-07,fs1,summer,m,77.2758076145203,16.198,2.858,1.2517,1251.71353174,117.46106408,941.40939648,0,187.24534958,14.9591216226377,0,0,32759825,5,1, ,5,3,1, ,1, , , ,1,2.42857142857143,fair_poor
sbe5_ap_fs1_2014-07-09,sbe5,2014-07-09,fs1,summer,m,19.9812605346062,8.38,9.42,2.83,167.44296328,161.00262252,4.91494784,0,0.98695324,0.589426525108497,0,0,111033300,1,3, ,1,1, , ,1, , , ,1,1.14285714285714,poor
ret4.3_ap_fs1_2014-07-17,ret4.3,2014-07-17,fs1,summer,m,15.5386098901639,42.7,5.6,15.5,663.49864231,450.73466689,176.53115392,0.00836608,33.33467136,5.02407529334858,10456754,0,50515150,1,1, ,1,1,1, ,5, , , ,1,1.57142857142857,poor
cb6.1_ap_fs1_2014-08-04,cb6.1,2014-08-04,fs1,summer,m,56.3887557553059,7.0755,3.826,1.300025,327.46360186,58.8561231,186.20782848,0,54.21114268,16.5548605622364,4981112,0,303591050,5,5, ,1,3, , ,5, , , ,1,2.85714285714286,fair
le3.6_ap_fs1_2014-08-04,le3.6,2014-08-04,fs1,summer,m,160.512511912253,9.345,2.706,1.2517,1499.98942382,9.2349504,1458.40246016,2.36534784,24.80452526,1.65364667684327,9974067,0,390617150,5,3, ,5,3,1, ,1, , , ,3,3,fair
cb6.4_ap_fs1_2014-08-05,cb6.4,2014-08-05,fs1,summer,m,122.067466668472,4.272,2.526,1.2517,676.28428221,46.53372851,471.41373824,0.34212864,91.93179018,13.5936606244315,7797445,0,233069900,5,5, ,5,3,1, ,1, , , ,1,3,fair
sbe5_ap_fs1_2014-08-13,sbe5,2014-08-13,fs1,summer,m,60.8783863684211,1.71,10.7,0.9,104.10204069,72.76550273,20.311336,0,10.69862716,10.2770580567761,1275307,0,9502850,5,3, ,1,5, , ,1, , , ,1,2.28571428571429,fair_poor
ret4.3_ap_fs1_2014-08-28,ret4.3,2014-08-28,fs1,summer,m,35.3625883772152,15.8,5.43,7.09,558.72889636,308.18565656,134.16965953,3.84671113,100.2956498,17.95068242459,12368197,0,138541550,3,1, ,1,1, , ,5, , , ,1,1.71428571428571,poor
sbe5_ap_fs1_2014-09-10,sbe5,2014-09-10,fs1,summer,m,81.4170754966887,1.51,10.2,0.98,122.939784,34.89770582,4.2723456,66.76492928,15.58907658,12.6802537574005,0,0,30509150,5,3, ,1,5, , ,1, , , ,1,2.28571428571429,fair_poor
ret4.3_ap_fs1_2014-09-16,ret4.3,2014-09-16,fs1,summer,m,39.05076894,11.5,5.53,5.29,449.08384281,111.08854497,314.92259328,3.06438144,10.24575032,2.28147827717213,6559269,0,16504950,5,1, ,1,1, , ,1, , , ,1,1.42857142857143,poor
cb6.1_ap_fs1_2014-09-16,cb6.1,2014-09-16,fs1,summer,m,30.2782481944983,6.942,2.48,1.2517,234.44447577,190.00382594,26.80911653,0,17.60980274,7.51128926461716,4866830,0,104031200,1,5, ,5,3, , ,1, , , ,1,2.28571428571429,fair_poor
le3.6_ap_fs1_2014-09-16,le3.6,2014-09-16,fs1,summer,m,94.1245507594231,6.2745,2.737,1.2517,590.58449374,146.13404864,397.4402104,0.8553216,42.45187502,7.18811202630205,3426883,0,166049800,5,5, ,5,3, , ,1, , , ,1,2.85714285714286,fair
ret3.1_ap_fs1_2014-09-17,ret3.1,2014-09-17,fs1,summer,m,105.797842360526,19,4.03,9.41,2010.15900485,324.25813843,970.81424384,3.3758208,163.04091566,8.11084671743001,44770584,0,44013200,5,1, ,1,1,1, ,1, , , ,1,1.57142857142857,poor
cb6.1_ap_fs1_2015-07-06,cb6.1,2015-07-06,fs1,summer,m,53.138570079588,8.544,2.4,0.313,454.01594276,129.67438784,226.13797344,0,44.97736512,9.90656073585851,7409446,0,456136800,5,3, ,5,5, , ,1, , , ,3,3.14285714285714,fair
le3.6_ap_fs1_2015-07-07,le3.6,2015-07-07,fs1,summer,m,46.0318868861292,7.6095,2.955,1.5486,350.27964326,210.15115684,57.84443008,2.36648448,67.62538396,19.30611306173,11045093,0,1859057550,5,5, ,5,3, , ,5, , , ,5,4,good
le5.2_ap_fs1_2015-07-07,le5.2,2015-07-07,fs1,summer,m,69.6887221694915,3.54,0,6.29,246.69807648,206.89200288,24.23283584,0,14.90140856,6.04034241880604,1787960,0,96528950,5,3, ,5,1, , ,1, , , ,1,2.28571428571429,fair_poor
ret3.1_ap_fs1_2015-07-14,ret3.1,2015-07-14,fs1,summer,m,20.1239845926702,19.1,3.87,9.64,384.36810572,264.78724222,0.55060224,88.1123328,19.35526026,5.03560518470793,16515038,0,587676250,1,1, ,1,1, , ,1, , , ,3,1.14285714285714,poor
sbe5_ap_fs1_2015-07-15,sbe5,2015-07-15,fs1,summer,m,121.705350241546,2.07,19.1,1.11,251.930075,52.45802988,170.8566976,0,28.20621984,11.1960510629785,1944844,0,30509150,5,3, ,1,5, , ,5, , , ,1,2.85714285714286,fair
ret4.3_ap_fs1_2015-07-21,ret4.3,2015-07-21,fs1,summer,m,36.6691858149533,21.4,6.2,7.4,784.72057644,582.53284736,102.4365824,12.57309696,77.84480778,9.92006710632648,20016844,0,156046800,3,1, ,1,1,1, ,5, , , ,1,1.85714285714286,poor
le3.6_ap_fs1_2015-08-03,le3.6,2015-08-03,fs1,summer,m,82.4325411827957,8.277,2.544,0.6942,682.29414337,496.78808649,96.11337088,0,85.44785528,12.5236096645875,4838033,0,1897068950,5,3, ,5,5,1, ,5, , , ,5,4.14285714285714,good
cb6.1_ap_fs1_2015-08-05,cb6.1,2015-08-05,fs1,summer,m,59.0193396725168,7.209,2.535,0.430175,476.6844517,206.37541496,201.56196321,0,60.84757785,12.7647498534931,3035429,0,386615950,5,5, ,5,5, , ,1, , , ,3,3.42857142857143,fair_good
le5.2_ap_fs1_2015-08-13,le5.2,2015-08-13,fs1,summer,m,67.7384577360085,4.735,0,0.99,320.74159738,90.23167916,179.93252183,0.02762655,33.70808292,10.5094204167301,0,0,211063300,5,5, ,5,5, , ,5, , , ,1,3.71428571428571,fair_good
ret4.3_ap_fs1_2015-08-18,ret4.3,2015-08-18,fs1,summer,m,15.1945219389685,34.9,6.24,11.1,530.28881567,349.57698991,88.5006336,52.54912512,32.45702538,6.12063170500622,10941451,0,93528050,1,1, ,1,1, , ,5, , , ,1,1.42857142857143,poor
le5.2_ap_fs1_2015-09-02,le5.2,2015-09-02,fs1,summer,m,10.5897781460674,3.56,0,0.98,37.6996102,35.97191584,0.27496448,0,0.95604124,2.53594462894473,183846,0,161048300,1,3, ,5,5, , ,1, , , ,1,2.28571428571429,fair_poor
ret3.1_ap_fs1_2015-09-09,ret3.1,2015-09-09,fs1,summer,m,50.6847338374332,18.7,4.43,10.3,947.80452276,178.69488754,629.40358144,0.8354304,124.11850588,13.0953696568748,32969394,0,720216000,5,1, ,1,1,1, ,1, , , ,5,2.14285714285714,fair_poor
ret4.3_ap_fs1_2015-09-15,ret4.3,2015-09-15,fs1,summer,m,40.1535444155456,6.69,5.72,4.46,268.62721214,215.72018064,30.13023744,0.46857984,21.61770542,8.04747413628874,5055621,0,134540350,5,5, ,1,1, , ,1, , , ,1,2,fair_poor
le5.4_ap_fs1_2016-07-06,le5.4,2016-07-06,fs1,summer,m,12.4893252262658,6.32,0,2.91,78.93253543,61.34637483,1.55127168,0,12.47652892,15.8065731095951,1479705,0,32509750,1,5, ,5,1, , ,1, , , ,1,2,fair_poor
le5.2_ap_fs1_2016-07-06,le5.2,2016-07-06,fs1,summer,m,24.826840756447,3.49,0,1.42,86.64567424,58.2156864,1.90361216,23.00815104,0,0,0,0,99529850,1,3, ,5,3, , ,1, , , ,1,2,fair_poor
le3.6_ap_fs1_2016-07-11,le3.6,2016-07-11,fs1,summer,m,166.34040251891,6.8085,2.711,1.368,1132.52863055,330.73479219,527.89662656,0,158.98548412,14.0380984490247,22942160,0,110534650,5,5, ,5,3,1, ,1, , , ,1,3,fair
sbe5_ap_fs1_2016-07-13,sbe5,2016-07-13,fs1,summer,m,101.811277269058,6.69,12.8,0.35,681.11744493,95.10324817,381.08928526,0,192.5081456,28.263575838934,3137265,0,55516650,5,5, ,1,5,1, ,1, , , ,1,2.71428571428571,fair
ret4.3_ap_fs1_2016-07-19,ret4.3,2016-07-19,fs1,summer,m,36.1313787,31.9,5.42,12,1152.59098053,245.65337553,832.95172736,0.01282816,54.61209682,4.738202687903,9145543,0,51015300,3,1, ,1,1,1, ,1, , , ,1,1.28571428571429,poor
ret3.1_ap_fs1_2016-07-21,ret3.1,2016-07-21,fs1,summer,m,20.6685398802139,18.7,4.2,5.8,386.50169576,218.33552664,115.17926272,0.27035392,38.2850411,9.90552991616711,39756621,0,27008100,1,1, ,1,1, , ,5, , , ,1,1.42857142857143,poor
le5.2_ap_fs1_2016-08-02,le5.2,2016-08-02,fs1,summer,m,75.0029991652893,3.63,0,1.29,272.26088697,145.21267975,111.89421056,0,13.81675118,5.07482045392824,3152345,0,387616250,5,3, ,5,3, , ,5, , , ,3,3.42857142857143,fair_good
ret3.1_ap_fs1_2016-08-09,ret3.1,2016-08-09,fs1,summer,m,11.4518981145631,20.6,4.34,9.52,235.90910116,160.95878144,12.74992128,0.1431552,50.39496356,21.3620260143422,0,0,39011700,1,1, ,1,1, , ,1, , , ,1,0.857142857142857,poor
sbe5_ap_fs1_2016-08-10,sbe5,2016-08-10,fs1,summer,m,200.823481439535,4.3,13.6,0.4,863.54097019,31.56193057,777.30288576,0,53.46803164,6.19171915239131,3029018,0,112533750,5,5, ,1,5,1, ,1, , , ,1,2.71428571428571,fair
ret4.3_ap_fs1_2016-08-16,ret4.3,2016-08-16,fs1,summer,m,243.658573797674,17.2,4.92,7.96,4190.92746932,256.4513078,3856.36992512,0.0198144,59.90274652,1.42934343193774,10267162,0,27508250,5,1, ,1,1,1, ,1, , , ,1,1.57142857142857,poor
ret3.1_ap_fs1_2016-09-13,ret3.1,2016-09-13,fs1,summer,m,20.1522595195122,20.5,4.15,6.87,413.12132015,174.85282183,150.43651072,0.73142784,65.71803236,15.9076835676596,22175277,0,174552350,1,1, ,1,1, , ,5, , , ,1,1.42857142857143,poor
tf3.3_ap_fs1_2016-09-13,tf3.3,2016-09-13,fs1,summer,m,14.4048827065421,21.4,4.43,7.94,308.26448992,81.6286103,104.287232,4.05652608,110.51578396,35.8509616169805,22855527,0,80024000,1,1, ,1,1, , ,5, , , ,1,1.42857142857143,poor
sbe5_ap_fs1_2016-09-14,sbe5,2016-09-14,fs1,summer,m,21.9538205066865,6.73,14.2,2.29,147.74921201,22.87259381,86.5183968,0,22.55895004,15.2684063306362,683411,0,30509150,1,5, ,1,1, , ,5, , , ,1,2,fair_poor
sbe5_ap_fs1_2013-07-10,sbe5,2013-07-10,fs1,summer,p,18.2274293729508,7.32,6.9,2.55,133.42478301,79.19308726,33.45743015,0,20.38373376,15.2773220238044,1616531,0,152545750,1,1, ,1,1,1,1,3, ,1, ,1,1.22222222222222,poor
cb7.4_ap_fs1_2013-07-15,cb7.4,2013-07-15,fs1,summer,p,41.2731524553325,6.23,2.324,1.58,224.07194468,64.22806966,142.62365312,0,13.28403758,5.92846980418325,4072633,0,177053100,3,1, ,5,1,5,1,5, ,3, ,1,2.77777777777778,fair
cb7.3e_ap_fs1_2013-07-15,cb7.3e,2013-07-15,fs1,summer,p,65.0937433212161,6.052,2.211,1.58,393.94733458,96.33129846,284.26015104,0,12.96535324,3.29113871371227,6085324,0,130039000,3,1, ,5,1,5,1,5, ,5, ,1,3,fair
cb6.4_ap_fs1_2013-07-16,cb6.4,2013-07-16,fs1,summer,p,0,8.544,2.734,0,389.96947389,52.08037089,319.56666112,0,14.55876316,3.73330840867474,11911487,0,311093300,1,1, ,3,5,5,1,5, ,5, ,5,3.44444444444444,fair_good
we4.2_ap_fs1_2013-07-18,we4.2,2013-07-18,fs1,summer,p,60.4831748160388,9.078,2.744,1.58,549.06626098,143.24805174,389.6725824,0,12.0835724,2.20074939196458,4996728,0,200060000,3,1, ,3,1,5,3,5, ,5, ,1,3,fair
le5.5-w_ap_fs1_2013-07-18,le5.5-w,2013-07-18,fs1,summer,p,41.8544703558052,8.544,2.649,1.58,357.60459472,137.59885628,199.81600184,0,17.65855442,4.93801105487093,0,0,116034800,3,1, ,3,1,5,3,5, ,3, ,1,2.77777777777778,fair
sbe5_ap_fs1_2013-08-08,sbe5,2013-08-08,fs1,summer,p,46.6140299903382,4.14,8.9,1.57,192.98208416,58.04940502,121.089968,0,10.97257674,5.68580072485004,1762239,0,85025500,3,5, ,1,1,3,1,5, ,3, ,1,2.55555555555556,fair_poor
cb7.4_ap_fs1_2013-08-12,cb7.4,2013-08-12,fs1,summer,p,58.5764165917603,5.162,2.17,1.58,312.7980646,188.83065984,118.14324384,0.5702144,5.24508124,1.67682662829366,1761606,0,154046200,3,3, ,5,1,5,5,5, ,5, ,1,3.66666666666667,fair_good
cb7.3e_ap_fs1_2013-08-12,cb7.3e,2013-08-12,fs1,summer,p,62.3225159155223,4.806,2.264,1.58,299.52201149,139.02668329,135.23255698,0,25.0701965,8.37006815468619,2762852,0,284085200,3,3, ,5,1,5,3,5, ,1, ,5,3.44444444444444,fair_good
cb6.4_ap_fs1_2013-08-13,cb6.4,2013-08-13,fs1,summer,p,48.8429401238248,8.722,2.414,1.58,426.00812376,137.46638211,226.5761013,0,61.29441859,14.3880867925729,4306600,0,166049800,3,1, ,5,1,5,3,5, ,1, ,1,2.77777777777778,fair
we4.2_ap_fs1_2013-08-13,we4.2,2013-08-13,fs1,summer,p,43.4566303345537,15.842,2.732,1.58,688.43993776,192.74268016,404.61055036,0,90.82635268,13.1930685159732,5639797,0,200060000,3,1, ,3,1,5,5,5, ,1, ,1,2.77777777777778,fair
le5.5-w_ap_fs1_2013-08-13,le5.5-w,2013-08-13,fs1,summer,p,22.7307462679004,9.078,2.517,1.58,206.34971462,82.55022807,101.5596808,0,2.95802606,1.43350140582811,1382619,0,223066900,1,1, ,5,1,3,1,5, ,5, ,3,2.77777777777778,fair
sbe5_ap_fs1_2013-09-11,sbe5,2013-09-11,fs1,summer,p,27.9008503618267,8.54,10.6,1.51,238.27326209,77.66878039,143.10396832,0,16.56909066,6.95381870154678,1558283,0,60018000,1,1, ,1,1,5,1,5, ,1, ,1,1.88888888888889,poor
cb7.3e_ap_fs1_2013-09-18,cb7.3e,2013-09-18,fs1,summer,p,93.4317561724293,5.49257,2.015,1.58,513.180461,183.70738426,323.79767989,0,5.61299941,1.09376717092119,1664388,0,197059100,5,1, ,5,1,5,5,5, ,5, ,1,3.66666666666667,fair_good
cb6.1_ap_fs1_2013-09-19,cb6.1,2013-09-19,fs1,summer,p,16.5521050660359,6.141,2.756,1.58,83.968829,61.48453958,12.92833457,0,8.42057567,10.0282161491141,1538688,0,465139500,1,1, ,3,1,1,1,1, ,1, ,5,1.66666666666667,poor
le3.6_ap_fs1_2013-09-19,le3.6,2013-09-19,fs1,summer,p,11.754012504256,5.874,2.835,1.58,69.04306945,30.58037089,35.15367264,0,3.30902592,4.79269816124897,879065,0,664199200,1,1, ,1,1,1,1,3, ,3, ,5,1.88888888888889,poor
cb6.4_ap_fs1_2013-09-19,cb6.4,2013-09-19,fs1,summer,p,28.091777589281,5.073,2.439,1.58,133.13395694,99.50159442,28.2624864,0,5.24508124,3.93970205690185,716761,0,254076200,1,3, ,5,1,1,1,3, ,3, ,3,2.33333333333333,fair_poor
we4.2_ap_fs1_2013-09-19,we4.2,2013-09-19,fs1,summer,p,16.8940242512433,8.1435,2.981,1.58,137.57648649,81.01210331,51.9163184,0,3.90925262,2.84151217968788,938118,0,159047700,1,1, ,1,1,1,1,5, ,5, ,1,1.88888888888889,poor
cb7.4_ap_fs1_2013-09-20,cb7.4,2013-09-20,fs1,summer,p,29.8462068913858,4.1652,1.819,1.58,127.50299584,57.14697376,67.21469472,0,0.030912,0.0242441362231132,0,0,185055500,1,5, ,5,1,1,1,5, ,5, ,1,2.77777777777778,fair
le5.5-w_ap_fs1_2013-09-20,le5.5-w,2013-09-20,fs1,summer,p,48.9520656047828,7.78114,2.703,1.58,380.90287576,276.5885684,62.29573312,0,41.75821968,10.9629573146912,3296009,0,252075600,3,1, ,3,1,5,5,5, ,1, ,3,3,fair
we4.2_ap_fs1_2014-07-07,we4.2,2014-07-07,fs1,summer,p,433.586037544736,9.612,3.036,2.06925,4167.62899288,262.87396609,3811.53196247,0,92.18164608,2.21184866113283,7064063,0,33009900,5,1, ,1,1,1,5,1, ,5, ,1,2.33333333333333,fair_poor
cb7.3e_ap_fs1_2014-07-09,cb7.3e,2014-07-09,fs1,summer,p,5.68815191119274,9.256,2.249,1.2517,52.64953409,38.95169153,13.6492,0,0.030912,0.0587127702728736,1454489,0,33009900,1,1, ,5,3,1,1,1, ,5, ,1,2.11111111111111,fair_poor
cb6.4_ap_fs1_2014-07-10,cb6.4,2014-07-10,fs1,summer,p,39.8438385709908,10.324,2.327,3.3553,390.07117961,295.42349334,37.18220751,0,48.00817596,12.3075424357163,12599920,0,230569150,3,1, ,5,1,5,5,5, ,1, ,3,3.22222222222222,fair
cb7.4_ap_fs1_2014-07-10,cb7.4,2014-07-10,fs1,summer,p,62.7742707834385,4.539,1.731,1.2517,305.88332796,227.67360606,47.17753728,0,27.32045816,8.93165977440021,5444439,0,228568550,3,3, ,5,3,5,5,5, ,1, ,3,3.66666666666667,fair_good
le5.5-w_ap_fs1_2014-07-10,le5.5-w,2014-07-10,fs1,summer,p,54.0758306890383,11.9616,2.868,1.2517,646.83345637,440.91699593,125.65081856,0,73.6685398,11.3891047339178,7597099,0,30509150,3,1, ,1,3,5,5,5, ,1, ,1,2.77777777777778,fair
cb7.4_ap_fs1_2014-08-04,cb7.4,2014-08-04,fs1,summer,p,36.7878167899217,3.738,2.414,1.2517,135.05727239,61.93961035,67.44332864,0.59133696,3.10056124,2.29573808587413,934009,0,141043800,1,5, ,5,3,1,1,5, ,5, ,1,3,fair
cb7.3e_ap_fs1_2014-08-04,cb7.3e,2014-08-04,fs1,summer,p,86.0200265212602,4.539,2.186,1.2517,390.44490038,168.42102994,127.253408,0,50.01642268,12.8101103718659,5768965,0,119535850,5,3, ,5,3,5,3,5, ,1, ,1,3.44444444444444,fair_good
we4.2_ap_fs1_2014-08-06,we4.2,2014-08-06,fs1,summer,p,36.341238258427,6.408,2.561,1.2517,232.87465476,41.65152662,171.1815936,0,15.4493195,6.63417816589874,2582649,0,340602150,1,1, ,5,3,5,1,5, ,1, ,5,3,fair
le5.5-w_ap_fs1_2014-08-06,le5.5-w,2014-08-06,fs1,summer,p,74.8592295188707,6.942,2.673,1.2517,519.67277132,177.0529115,305.66609824,0,34.20819902,6.58264217559622,3065669,0,238071400,5,1, ,3,3,5,3,5, ,1, ,3,3.22222222222222,fair
cb7.4_ap_fs1_2014-09-15,cb7.4,2014-09-15,fs1,summer,p,174.855985354779,3.8448,1.824,1.2517,681.62360211,460.14650039,176.78794752,0,23.01463708,3.37644368662661,2246968,0,99529850,5,5, ,5,3,5,5,5, ,5, ,1,4.33333333333333,good
cb7.3e_ap_fs1_2014-09-15,cb7.3e,2014-09-15,fs1,summer,p,119.673471499404,4.6992,2.1025,1.2517,562.36957727,242.68078137,258.2135027,0,35.90555576,6.38469028397696,0,0,53015900,5,3, ,5,3,5,5,5, ,3, ,1,3.88888888888889,fair_good
cb6.4_ap_fs1_2014-09-16,cb6.4,2014-09-16,fs1,summer,p,41.7496886106652,7.476,2.141,1.2517,351.13575606,137.6945776,170.22142237,0,36.80857767,10.482719869665,2712273,0,137041100,3,1, ,5,3,5,3,5, ,1, ,1,3,fair
we4.2_ap_fs1_2014-09-17,we4.2,2014-09-17,fs1,summer,p,74.1679777326952,5.7672,2.66,1.85832,427.74156118,204.12797191,183.34653033,0,23.83331427,5.571895843895,0,0,79523850,3,1, ,3,1,5,5,5, ,3, ,1,3,fair
le5.5-w_ap_fs1_2014-09-17,le5.5-w,2014-09-17,fs1,summer,p,46.0533424511913,6.2745,2.971,1.2517,288.96169721,48.09039947,184.00783744,0,45.1475051,15.6240448252868,0,0,93027900,3,1, ,1,3,5,1,5, ,1, ,1,2.33333333333333,fair_poor
cb7.4_ap_fs1_2015-07-06,cb7.4,2015-07-06,fs1,summer,p,277.931376600526,3.3375,1.682,0.313,871.94021124,753.88876808,87.84982784,0,14.90223416,1.70908899118293,3373323,0,60014450,5,5, ,5,5,1,5,5, ,5, ,1,4.11111111111111,good
cb7.3e_ap_fs1_2015-07-06,cb7.3e,2015-07-06,fs1,summer,p,67.8468731985019,5.34,1.947,0.313,362.30230288,50.2772061,244.70416231,0.67580475,34.50732068,9.52445524240274,2811653,0,200059800,3,1, ,5,5,5,1,5, ,1, ,1,3,fair
le5.4_ap_fs1_2015-07-07,le5.4,2015-07-07,fs1,summer,p,29.4262567451923,10.4,0,2.13,306.03307015,65.16028204,229.67742114,0,9.93438009,3.24617861890897,1335619,0,44013200,1,1, ,5,1,5,1,5, ,5, ,1,2.77777777777778,fair
we4.2_ap_fs1_2015-07-08,we4.2,2015-07-08,fs1,summer,p,36.3161956915302,11.0805,2.531,2.09595,402.40160636,175.9585658,68.17227456,0.5778176,57.71349176,14.3422617722773,6210354,0,0,1,1, ,5,1,5,3,5, ,1, , ,2.44444444444444,fair_poor
le5.5-w_ap_fs1_2015-07-08,le5.5-w,2015-07-08,fs1,summer,p,5.94300342150437,102.528,2.418,0.313,609.3242548,37.32496876,518.89520512,0,48.46382236,7.95369985327556,3927557,0,63018900,1,1, ,5,5,5,1,5, ,1, ,1,2.77777777777778,fair
cb6.4_ap_fs1_2015-07-21,cb6.4,2015-07-21,fs1,summer,p,53.8488942918291,8.544,2.1685,0.313,352.25254201,78.90730747,184.94785826,0,44.09558428,12.5181734753097,5264620,0,356606950,3,1, ,5,5,5,1,5, ,1, ,5,3.44444444444444,fair_good
cb7.4_ap_fs1_2015-08-03,cb7.4,2015-08-03,fs1,summer,p,87.0367425093633,4.3788,1.656,0.35942,376.46872605,261.08341697,91.03127616,2.4698048,21.29902108,5.65758045919894,2480511,0,280083800,5,5, ,5,5,5,5,5, ,3, ,5,4.77777777777778,good
cb7.3e_ap_fs1_2015-08-03,cb7.3e,2015-08-03,fs1,summer,p,78.5466038214943,6.3012,1.946,0.35244,494.93786,73.5781488,328.65721984,0,91.19838666,18.4262296402219,4548914,0,433630050,5,1, ,5,5,5,1,5, ,1, ,5,3.66666666666667,fair_good
cb6.4_ap_fs1_2015-08-06,cb6.4,2015-08-06,fs1,summer,p,38.1612998432515,7.476,2.105,0.4235,275.10481057,107.67938017,100.77642712,0,48.71953704,17.7094456978256,6028172,0,1411921450,3,1, ,5,5,5,1,5, ,1, ,5,3.44444444444444,fair_good
we4.2_ap_fs1_2015-08-06,we4.2,2015-08-06,fs1,summer,p,8.9216965329053,13.083,2.7955,0.3738,116.72255574,52.34842376,56.69081408,0.06045504,7.34166734,6.28984457498823,1008127,0,537661250,1,1, ,3,5,1,1,5, ,3, ,5,2.77777777777778,fair
le5.5-w_ap_fs1_2015-08-06,le5.5-w,2015-08-06,fs1,summer,p,20.793347905439,20.114,2.528,1.1926,418.23739977,216.75051088,86.29671406,0,106.13052099,25.3756648851499,8785135,0,513153900,1,1, ,5,3,5,5,5, ,1, ,5,3.44444444444444,fair_good
sbe5_ap_fs1_2015-08-11,sbe5,2015-08-11,fs1,summer,p,15.242580328125,4.48,11.8,4.01,68.28675987,43.01138323,5.77742592,2.472192,12.37609728,18.1237143240664,2869087,0,168550550,1,5, ,1,1,1,1,1, ,1, ,1,1.44444444444444,poor
le5.4_ap_fs1_2015-08-13,le5.4,2015-08-13,fs1,summer,p,65.3615875181818,11,0,4.44,718.9774627,475.53247454,197.35182592,0,45.83280768,6.37472105285227,5082834,0,44013200,3,1, ,5,1,3,5,5, ,3, ,1,3,fair
le5.4_ap_fs1_2015-09-02,le5.4,2015-09-02,fs1,summer,p,60.687864776699,6.18,0,2.93,375.05100432,265.3772928,37.04367744,0,42.5740811,11.3515443525316,2764070,0,181054300,3,1, ,5,1,5,5,5, ,1, ,1,3,fair
sbe5_ap_fs1_2015-09-10,sbe5,2015-09-10,fs1,summer,p,64.1915753781903,4.31,5.04,2.64,276.66568988,114.43142082,31.54552832,0.51319296,121.65041144,43.970183470442,0,0,302090600,3,5, ,1,1,5,1,3, ,1, ,5,2.77777777777778,fair
le5.5-w_ap_fs1_2015-09-29,le5.5-w,2015-09-29,fs1,summer,p,74.5162538175063,11.036,2.397,3.5422,822.36137713,768.52087448,16.34405429,0,22.52439208,2.73898953749616,3126215,0,74022200,5,1, ,5,1,3,5,1, ,5, ,1,3,fair
cb7.4_ap_fs1_2016-07-11,cb7.4,2016-07-11,fs1,summer,p,112.831721453057,3.204,2.269,1.368,355.48762161,130.14699025,181.1508661,3.31749278,10.83544045,3.04804999986396,8920752,0,189556850,5,5, ,5,3,5,1,5, ,5, ,1,3.88888888888889,fair_good
cb7.3e_ap_fs1_2016-07-11,cb7.3e,2016-07-11,fs1,summer,p,22.1792245106353,5.6604,1.91,1.368,125.54328242,75.60185028,29.9774432,0.00198656,18.08824018,14.4079713636023,1487069,0,183054900,1,1, ,5,3,1,1,3, ,1, ,1,1.88888888888889,poor
cb6.1_ap_fs1_2016-07-11,cb6.1,2016-07-11,fs1,summer,p,32.7191732006866,6.5415,2.365,1.368,209.66446187,9.03995163,171.14053607,0,15.97293075,7.61833007250596,748364,0,90027000,1,1, ,5,3,5,1,5, ,1, ,1,2.55555555555556,fair_poor
we4.2_ap_fs1_2016-07-13,we4.2,2016-07-13,fs1,summer,p,128.541369763882,6.141,2.438,1.368,789.37255172,300.10713888,375.45070016,0.14662656,36.58259424,4.63438894097451,13739302,0,194058200,5,1, ,5,3,3,5,5, ,3, ,1,3.44444444444444,fair_good
cb6.4_ap_fs1_2016-07-13,cb6.4,2016-07-13,fs1,summer,p,28.6293183103399,4.9395,2.467,1.368,150.96955278,57.85622108,57.67680215,0,21.52585423,14.258407628304,2364274,0,183555050,1,3, ,5,3,1,1,5, ,1, ,1,2.33333333333333,fair_poor
le5.5-w_ap_fs1_2016-07-13,le5.5-w,2016-07-13,fs1,summer,p,50.1693144160708,11.748,2.897,1.368,589.38910576,260.79283598,288.5092928,0,37.49913984,6.36237410456475,5321600,0,98029400,3,1, ,1,3,5,5,5, ,3, ,1,3,fair
le5.4_ap_fs1_2016-08-02,le5.4,2016-08-02,fs1,summer,p,51.0685070851064,7.05,0,2.1,360.03297495,282.76862055,47.26936355,0.10861112,27.65807125,7.68209391204821,3369745,0,6001800,3,1, ,5,1,5,5,5, ,1, ,1,3,fair
cb7.4_ap_fs1_2016-08-08,cb7.4,2016-08-08,fs1,summer,p,54.3693209143333,3.3108,2.274,1.368,182.90926942,175.91715894,1.86956032,0,3.90146852,2.13300754651278,3070809,0,278083400,3,5, ,5,3,3,3,1, ,5, ,5,3.66666666666667,fair_good
cb7.3e_ap_fs1_2016-08-08,cb7.3e,2016-08-08,fs1,summer,p,248.636967715356,3.738,2.332,1.368,929.40498532,554.51829844,273.03870336,0,7.09607246,0.763507036446203,7741897,0,245073500,5,5, ,5,3,1,5,5, ,5, ,3,4.11111111111111,good
le3.6_ap_fs1_2016-08-08,le3.6,2016-08-08,fs1,summer,p,27.1571329564896,8.6508,2.66,1.368,234.93092578,158.92765178,53.98604489,0,18.12147067,7.71353137516249,3715283,0,566669950,1,1, ,3,3,5,3,5, ,1, ,5,3,fair
cb6.1_ap_fs1_2016-08-08,cb6.1,2016-08-08,fs1,summer,p,56.5901300325007,8.6775,2.648,1.368,457.06433274,378.19380552,36.9599104,0,30.07357934,6.57972569413052,7861650,0,137541250,3,1, ,3,3,5,5,3, ,1, ,1,2.77777777777778,fair
cb6.4_ap_fs1_2016-08-09,cb6.4,2016-08-09,fs1,summer,p,28.0994010486891,5.34,2.421,1.368,157.55334168,70.86299597,53.55873262,0,24.0112958,15.2401056962463,2531193,0,575672650,1,1, ,5,3,1,1,5, ,1, ,5,2.55555555555556,fair_poor
we4.2_ap_fs1_2016-08-10,we4.2,2016-08-10,fs1,summer,p,1.09221685007955,165.53999,3.069,1.368,180.80556644,103.13388624,64.25039178,0,12.5771854,6.95619368786066,1679735,0,263579050,1,1, ,1,3,1,1,5, ,1, ,3,1.88888888888889,poor
le5.5-w_ap_fs1_2016-08-10,le5.5-w,2016-08-10,fs1,summer,p,41.8680420870787,10.68,2.72,1.368,447.15068949,252.6544537,165.74364084,0,24.58712893,5.49862261378663,5433680,0,244073200,3,1, ,3,3,5,5,5, ,3, ,3,3.44444444444444,fair_good
le5.4_ap_fs1_2016-09-07,le5.4,2016-09-07,fs1,summer,p,10.3857813488889,13.5,0,2.2,140.20804821,92.11601813,40.19139488,0,4.8042026,3.42648133351403,0,0,48014400,1,1, ,5,1,1,1,5, ,5, ,1,2.33333333333333,fair_poor
le5.2_ap_fs1_2016-09-07,le5.2,2016-09-07,fs1,summer,p,33.2024090319489,3.13,0,0.19,103.92354027,62.83327276,27.32451775,0,10.9817933,10.5671855206901,0,0,57517250,1,5, ,5,5,1,1,3, ,1, ,1,2.55555555555556,fair_poor
cb7.4_ap_fs1_2016-09-19,cb7.4,2016-09-19,fs1,summer,p,35.3059223077318,3.9516,1.54,1.368,137.62954634,113.12604796,7.31581696,0,15.76159378,11.4521875564877,1979380,0,82524750,1,5, ,5,3,1,1,1, ,1, ,1,2.11111111111111,fair_poor
cb7.3e_ap_fs1_2016-09-19,cb7.3e,2016-09-19,fs1,summer,p,60.7230689138577,2.9904,1.798,1.368,181.58626528,123.7058151,44.06176992,0,6.55800338,3.61150848600128,0,0,124037200,3,5, ,5,3,3,1,5, ,5, ,1,3.44444444444444,fair_good
le5.5-w_ap_fs1_2016-09-20,le5.5-w,2016-09-20,fs1,summer,p,57.2149162906367,3.3375,2.348,1.368,190.95478312,157.72631577,21.00544704,0,11.22613135,5.87894744848851,0,0,57517250,3,5, ,5,3,3,3,1, ,3, ,1,3,fair
cb6.4_ap_fs1_2016-09-26,cb6.4,2016-09-26,fs1,summer,p,35.2991002647553,4.272,2.205,1.368,163.99256001,88.19952269,68.37376896,0,6.91876244,4.21894898133068,1027008,0,329098700,1,5, ,5,3,1,1,5, ,3, ,5,3.22222222222222,fair
cb6.1_ap_fs1_2016-09-27,cb6.1,2016-09-27,fs1,summer,p,58.0118327674646,5.0196,2.472,1.368,285.00053202,179.64488659,80.73284588,0,24.21603671,8.49683912460228,3846952,0,175552650,3,3, ,5,3,5,3,5, ,1, ,1,3.22222222222222,fair
le3.6_ap_fs1_2016-09-27,le3.6,2016-09-27,fs1,summer,p,31.5460898979016,7.7964,2.6045,1.368,245.94593528,187.31270478,35.48137765,0,21.25787427,8.64331189120842,4117752,0,423126900,1,1, ,3,3,5,5,3, ,1, ,5,3,fair
we4.2_ap_fs1_2016-09-27,we4.2,2016-09-27,fs1,summer,p,18.4406457553059,8.01,2.734,1.7088,147.7095725,107.70367858,0.3831296,0,38.34614414,25.9605003866625,0,0,242072600,1,1, ,3,1,1,1,1, ,1, ,3,1.44444444444444,poor
